{"cameraMode":{"drawMode":0,"name":"Shaded","section":"Shading Mode"},"sceneLighting":true,"audioPlay":false,"sceneViewState":{"showFog":true,"showMaterialUpdate":false,"showSkybox":true,"showFlares":true,"showImageEffects":true,"showParticleSystems":true},"in2DMode":false,"pivot":{"x":4.721976280212402,"y":0.18953371047973634,"z":1.2418400049209595},"rotation":{"x":-0.2475639283657074,"y":0.6705976128578186,"z":-0.254953533411026,"w":-0.6511679291725159},"size":5.085288047790527,"orthographic":false}