{"cameraMode":{"drawMode":0,"name":"Shaded","section":"Shading Mode"},"sceneLighting":false,"audioPlay":false,"sceneViewState":{"showFog":true,"showMaterialUpdate":false,"showSkybox":false,"showFlares":true,"showImageEffects":true,"showParticleSystems":true},"in2DMode":false,"pivot":{"x":2.018136978149414,"y":0.7169270515441895,"z":3.2230777740478517},"rotation":{"x":-0.10671563446521759,"y":0.47465091943740847,"z":-0.058104731142520908,"w":-0.8717476725578308},"size":14.309438705444336,"orthographic":false}